step,element,von,eps,yystress,yystrain
1,1,37.237,0.0,-37.237,-0.00018618
2,1,74.474,0.0,-74.474,-0.00037237
3,1,111.71,0.0,-111.71,-0.00055855
4,1,148.95,0.0,-148.95,-0.00074474
5,1,186.18,0.0,-186.18,-0.00093092
6,1,223.42,0.0,-223.42,-0.0011171
7,1,260.66,0.0,-260.66,-0.0013033
8,1,297.9,0.0,-297.9,-0.0014895
9,1,335.13,0.0,-335.13,-0.0016757
10,1,372.37,0.0,-372.37,-0.0018618
11,1,409.61,0.0,-409.61,-0.002048
12,1,446.84,0.0,-446.84,-0.0022342
