Step,Iteration,Rnorm,Fnorm,Residual,Log10_Residual
13,1,2.552800E+00,1.861800E+01,1.371100E-01,-0.8629
13,2,6.365700E-14,1.861800E+01,3.419000E-15,-14.4661
